case,weights,ram_class,gpu_class,mode,kv_resident,context_k,gpu_sim,expert_cache,ram_budget_gib,finished,functional,failed_checks,fits_gpu_class,load_seconds,decode_tps,input_tokens,prefill_tps,first_answer_seconds,recall,cached_followup_seconds,cached_followup,stop_seconds,gpu_total_peak,tree_gpu_dedicated_peak,tree_gpu_shared_peak,tree_rss_peak,min_ram_available,min_ram_available_with_mapped,error
iq3_s-ram64-gpu32-normal-256k,IQ3_S,64,32,normal,False,256,,,,True,True,,,30.7,110.29,253842,6033.8,43.063,True,0.953,True,0.0,31.419,30.535,46.692,50.931,4.896,,
iq3_s-ram64-gpu32-normal-128k,IQ3_S,64,32,normal,False,128,,,,True,True,,,28.7,127.5,122556,6248.1,20.172,True,0.515,True,0.0,31.444,30.56,46.692,50.682,4.901,,
iq2_xs-ram64-gpu32-normal-256k,IQ2_XS,64,32,normal,False,256,ballast,,,True,True,,,22.6,106.65,253842,5726.8,45.25,True,0.89,True,0.0,30.983,30.081,34.113,37.743,18.49,,
iq2_xs-ram64-gpu32-normal-128k,IQ2_XS,64,32,normal,False,128,ballast,,,True,True,,,19.0,155.49,122556,5966.8,21.015,True,0.485,True,0.0,31.427,30.518,34.113,37.475,18.738,,
iq2_xs-ram48-gpu32-normal-256k,IQ2_XS,48,32,normal,False,256,cache,,,True,True,,,20.5,114.09,253837,5934.2,43.641,True,0.859,True,0.0,31.413,0,0,0,2.978,,
iq3_s-ram64-gpu24-normal-256k,IQ3_S,64,24,normal,False,256,cache,4110,,True,True,,True,24.1,91.69,253837,6043.3,43.156,True,1.063,True,0.0,22.86,21.943,46.254,50.276,4.783,,
iq3_s-ram64-gpu24-normal-128k,IQ3_S,64,24,normal,False,128,cache,4882,,True,True,,True,23.6,102.66,122761,6327.5,20.0,True,0.531,True,0.0,22.925,21.945,46.254,50.235,4.666,,
iq3_s-ram64-gpu16-normal-256k,IQ3_S,64,16,normal,False,256,cache,1046,,True,True,,True,24.0,56.47,253837,3662.4,70.453,True,1.125,True,0.016,15.321,14.342,46.184,50.093,4.771,,
iq3_s-ram64-gpu16-normal-128k,IQ3_S,64,16,normal,False,128,cache,1818,,True,True,,True,23.6,74.52,122761,6086.3,20.891,True,0.64,True,0.0,15.317,14.346,46.25,50.121,6.105,,
iq3_s-ram64-gpu16-normal-kvres-256k,IQ3_S,64,16,normal,True,256,cache,2240,,True,True,,True,27.1,72.86,253837,5285.9,49.14,True,1.079,True,0.0,15.359,14.344,46.372,50.181,2.413,,
iq3_s-ram64-gpu16-normal-kvres-128k,IQ3_S,64,16,normal,True,128,cache,2330,,True,True,,True,24.1,75.2,122761,5786.3,21.906,True,0.719,True,0.0,15.358,14.345,46.918,50.129,4.169,,
iq2_xs-ram64-gpu24-normal-256k,IQ2_XS,64,24,normal,False,256,cache,7921,,True,True,,True,18.4,131.65,253837,5901.9,43.937,True,0.985,True,0.0,22.977,21.95,33.676,37.069,20.527,,
iq2_xs-ram64-gpu24-normal-128k,IQ2_XS,64,24,normal,False,128,cache,9282,,True,True,,True,18.5,147.06,122761,6142.6,20.531,True,0.484,True,0.0,22.979,21.95,33.676,36.926,20.591,,
iq2_xs-ram64-gpu16-normal-256k,IQ2_XS,64,16,normal,False,256,cache,2517,,True,True,,True,18.5,86.79,253837,5174.2,50.094,True,1.0,True,0.0,15.805,14.348,33.633,36.926,18.305,,
iq2_xs-ram64-gpu16-normal-128k,IQ2_XS,64,16,normal,False,128,cache,3878,,True,True,,True,18.4,105.28,122761,6007.6,21.063,True,0.547,True,0.0,15.826,14.348,33.676,36.932,18.559,,
iq2_xs-ram64-gpu16-normal-kvres-256k,IQ2_XS,64,16,normal,True,256,cache,4619,,True,True,,True,18.4,114.92,253837,5516.9,47.188,True,1.125,True,0.0,15.857,14.349,37.053,40.452,14.993,,
iq2_xs-ram64-gpu16-normal-kvres-128k,IQ2_XS,64,16,normal,True,128,cache,4780,,True,True,,True,18.5,113.33,122761,5818.9,21.688,True,0.547,True,0.0,15.533,14.35,35.377,38.634,18.369,,
iq2_xs-ram48-gpu32-normal-128k,IQ2_XS,48,32,normal,False,128,cache,,,True,True,,,22.6,144.39,122761,6196.8,20.297,True,0.468,True,0.0,31.439,30.411,34.051,37.711,3.192,,
iq2_xs-ram48-gpu24-normal-256k,IQ2_XS,48,24,normal,False,256,cache,7921,,True,True,,True,18.5,136.0,253837,5889.3,44.047,True,0.89,True,0.016,22.972,21.95,33.676,36.974,3.792,,
iq2_xs-ram48-gpu24-normal-128k,IQ2_XS,48,24,normal,False,128,cache,9282,,True,True,,True,18.5,145.71,122761,6143.1,20.672,True,0.89,True,0.0,22.974,21.95,33.676,36.927,3.506,,
iq2_xs-ram48-gpu16-normal-256k,IQ2_XS,48,16,normal,False,256,cache,2517,,True,False,application,True,18.4,87.72,253837,5264.5,49.406,True,1.281,True,0.0,15.375,14.348,33.633,36.963,3.887,,
iq2_xs-ram48-gpu16-normal-128k,IQ2_XS,48,16,normal,False,128,cache,3878,,True,True,,True,18.5,107.37,122761,6080.2,20.843,True,0.547,True,0.0,15.407,14.348,33.676,36.876,3.754,,
iq3_s-ram64-gpu32-resident-256k,IQ3_S,64,32,resident,False,256,cache,,,True,True,,,75.7,91.17,253841,5513.3,47.14,True,1.063,True,0.0,31.72,30.365,33.016,53.163,0.313,17.343,
iq3_s-ram48-gpu32-resident-256k,IQ3_S,48,32,resident,False,256,cache,,,True,True,,,91.9,72.22,253841,4614.3,56.156,True,1.062,True,0.0,31.705,30.468,32.99,36.636,0.016,4.766,
iq3_s-ram48-gpu32-resident-128k,IQ3_S,48,32,resident,False,128,cache,,,True,True,,,91.4,81.99,122759,5728.8,22.094,True,0.578,True,0.0,31.622,30.346,31.311,38.696,0.004,5.9,
iq3_s-ram48-gpu24-resident-256k,IQ3_S,48,24,resident,False,256,cache,4118,,True,True,,True,68.7,41.0,253841,3652.3,70.875,True,1.64,True,0.0,23.224,21.941,37.137,39.467,0.005,2.458,
iq3_s-ram48-gpu24-resident-128k,IQ3_S,48,24,resident,False,128,cache,4890,,True,True,,True,76.2,56.08,122759,4572.9,27.766,True,0.688,True,0.0,23.354,21.942,36.557,40.102,0.008,2.253,
iq2_xs-ram32-gpu32-resident-256k,IQ2_XS,32,32,resident,False,256,cache,,,True,True,,,79.2,119.1,253841,5442.9,47.656,True,0.985,True,0.0,31.473,30.332,17.564,23.148,0.078,5.061,
iq2_xs-ram32-gpu32-resident-128k,IQ2_XS,32,32,resident,False,128,cache,,,True,True,,,83.3,123.61,122759,6163.3,20.437,True,0.485,True,0.0,31.394,30.342,16.322,23.737,0.408,6.103,
iq2_xs-ram32-gpu24-resident-256k,IQ2_XS,32,24,resident,False,256,cache,7940,,True,True,,True,60.0,70.97,253841,3363.4,77.109,True,1.937,True,0.0,23.102,21.952,20.809,23.953,0.001,2.931,
iq2_xs-ram32-gpu24-resident-128k,IQ2_XS,32,24,resident,False,128,cache,9300,,True,True,,True,63.1,72.22,122759,4420.8,29.141,True,0.812,True,0.0,23.144,21.946,20.471,23.837,0.001,2.55,
iq2_xs-ram32-gpu16-resident-256k,IQ2_XS,32,16,resident,False,256,cache,2535,,True,True,,True,39.8,31.75,253841,1085.0,236.437,True,1.797,True,0.0,15.592,14.349,21.176,23.907,0.002,2.74,
iq2_xs-ram32-gpu16-resident-128k,IQ2_XS,32,16,resident,False,128,cache,3896,,True,True,,True,46.9,36.27,122759,1401.7,88.984,True,1.297,True,0.0,15.609,14.349,21.148,24.332,0.001,2.887,
iq3_s-ram48-gpu32-mmap-256k,IQ3_S,48,32,mmap,False,256,cache,,,True,True,,,54.9,31.27,253841,3109.6,83.422,True,1.391,True,0.0,31.561,30.323,1.123,40.551,0.345,36.295,
iq3_s-ram48-gpu24-mmap-256k,IQ3_S,48,24,mmap,False,256,cache,4145,,True,True,,True,14.4,20.1,253841,1387.1,185.656,True,2.219,True,0.0,22.995,21.941,1.123,41.1,0.034,36.857,
iq3_s-ram48-gpu16-mmap-256k,IQ3_S,48,16,mmap,False,256,cache,1082,,True,True,,True,10.4,11.58,253841,295.7,862.5,True,6.062,True,0.0,15.419,14.347,1.061,42.699,0.002,37.391,
iq3_s-ram48-gpu32-budget-256k,IQ3_S,48,32,budget,False,256,cache,,24,True,True,,,36.2,76.62,253841,2483.0,103.437,True,0.985,True,0.0,31.557,30.484,25.549,29.252,11.263,11.422,
iq3_s-ram48-gpu24-budget-256k,IQ3_S,48,24,budget,False,256,cache,4127,24,True,True,,True,24.1,32.97,253841,1166.6,219.204,True,1.375,True,0.0,22.897,21.945,25.361,28.883,11.468,11.628,
iq3_s-ram48-gpu16-budget-256k,IQ3_S,48,16,budget,False,256,cache,1063,24,True,True,,True,20.5,17.4,253841,499.8,510.812,True,2.343,True,0.0,15.354,14.348,25.299,28.72,11.158,11.319,
iq3_s-ram32-gpu32-mmap-256k,IQ3_S,32,32,mmap,False,256,cache,,,True,True,,,56.4,29.4,253841,646.5,394.937,True,1.828,True,0.0,31.335,30.351,1.123,26.701,0.018,19.782,
iq3_s-ram32-gpu24-mmap-256k,IQ3_S,32,24,mmap,False,256,cache,4145,,True,True,,True,14.4,15.62,253964,474.7,538.016,True,2.234,True,0.0,22.959,21.941,1.123,26.135,0.002,21.621,
iq3_s-ram32-gpu16-mmap-256k,IQ3_S,32,16,mmap,False,256,cache,1082,,True,True,,True,10.4,10.65,253964,245.9,1039.109,True,3.5,True,0.0,15.374,14.345,1.061,26.324,0.006,21.55,
iq3_s-ram32-gpu32-budget-256k,IQ3_S,32,32,budget,False,256,cache,,8,True,True,,,28.7,24.29,253964,806.0,317.187,True,1.563,True,0.0,31.451,30.436,9.486,13.071,11.636,11.796,
iq3_s-ram32-gpu24-budget-256k,IQ3_S,32,24,budget,False,256,cache,4139,8,True,True,,True,18.4,11.38,253964,592.9,432.797,True,2.828,True,0.016,22.988,21.945,9.361,12.771,11.38,11.541,
iq3_s-ram32-gpu16-budget-256k,IQ3_S,32,16,budget,False,256,cache,1075,8,True,True,,True,14.4,5.51,253964,300.9,850.875,True,5.063,True,0.0,15.412,14.345,9.299,12.743,11.183,11.344,
iq2_xs-ram48-gpu32-mmap-256k,IQ2_XS,48,32,mmap,False,256,cache,,,True,True,,,50.9,71.89,253964,4072.6,63.406,True,1.032,True,0.0,31.397,30.345,0.967,37.684,2.714,35.922,
iq2_xs-ram48-gpu24-mmap-256k,IQ2_XS,48,24,mmap,False,256,cache,7967,,True,True,,True,13.2,41.63,253964,3316.1,78.125,True,1.266,True,0.0,23.018,21.95,0.873,37.64,2.296,35.569,
iq2_xs-ram48-gpu16-mmap-256k,IQ2_XS,48,16,mmap,False,256,cache,2562,,True,True,,True,10.3,22.73,253964,2442.4,105.875,True,1.547,True,0.0,15.399,14.346,0.842,37.429,2.207,35.481,
iq2_xs-ram48-gpu32-budget-256k,IQ2_XS,48,32,budget,False,256,cache,,24,True,True,,,38.8,132.74,253964,5263.5,49.141,True,0.922,True,0.0,31.361,30.358,14.555,28.082,10.574,21.391,
iq2_xs-ram48-gpu24-budget-256k,IQ2_XS,48,24,budget,False,256,cache,7933,24,True,True,,True,60.5,89.19,253964,4840.9,53.531,True,0.953,True,0.0,22.853,21.942,22.873,39.157,0.378,14.542,
iq2_xs-ram48-gpu16-budget-256k,IQ2_XS,48,16,budget,False,256,cache,2529,24,True,True,,True,39.8,56.67,253964,3513.8,73.437,True,1.094,True,0.0,15.255,14.349,24.979,40.29,0.201,13.567,
iq2_xs-ram32-gpu32-mmap-256k,IQ2_XS,32,32,mmap,False,256,cache,,,True,True,,,52.9,60.67,253964,4174.1,62.016,True,0.968,True,0.0,31.308,30.345,0.904,24.788,0.373,21.385,
iq2_xs-ram32-gpu24-mmap-256k,IQ2_XS,32,24,mmap,False,256,cache,7967,,True,True,,True,14.5,31.2,253964,1273.5,201.39,True,1.609,True,0.0,22.906,21.95,0.873,26.227,0.002,21.664,
iq2_xs-ram32-gpu16-mmap-256k,IQ2_XS,32,16,mmap,False,256,cache,2562,,True,True,,True,10.4,20.05,253964,516.6,494.593,True,2.203,True,0.015,15.455,14.346,0.842,26.795,0.006,22.406,
iq2_xs-ram32-gpu32-budget-256k,IQ2_XS,32,32,budget,False,256,cache,,8,True,True,,,30.7,88.2,253964,1651.4,154.89,True,0.969,True,0.0,31.306,30.333,9.01,12.665,12.406,12.565,
iq2_xs-ram32-gpu24-budget-256k,IQ2_XS,32,24,budget,False,256,cache,7955,8,True,True,,True,18.9,30.85,253964,912.5,280.781,True,1.406,True,0.0,22.923,21.95,9.01,12.138,12.436,12.595,
iq2_xs-ram32-gpu16-budget-256k,IQ2_XS,32,16,budget,False,256,cache,2551,8,True,True,,True,15.9,10.56,253964,524.4,488.265,True,2.89,True,0.0,15.363,14.347,8.979,12.063,12.125,12.284,
iq3_s-ram48-gpu16-resident-256k,IQ3_S,48,16,resident,False,256,cache,1054,,True,True,,True,50.9,25.3,253964,993.6,258.078,True,2.031,True,0.016,15.313,14.349,37.9,40.151,0.002,2.657,
iq3_s-ram32-gpu32-resident-256k,IQ3_S,32,32,resident,False,256,cache,,,True,True,,,75.2,44.59,253964,1473.0,174.422,True,1.641,True,0.015,31.433,30.469,20.387,23.28,0.001,4.285,
iq3_s-ram32-gpu24-resident-256k,IQ3_S,32,24,resident,False,256,cache,4129,,True,True,,True,55.1,24.47,253964,911.2,281.719,True,2.172,True,0.015,22.901,21.94,21.852,23.813,0.003,2.949,
iq3_s-ram32-gpu16-resident-256k,IQ3_S,32,16,resident,False,256,cache,1065,,True,True,,True,38.8,13.41,253964,414.9,616.593,True,3.25,True,0.0,15.306,14.345,21.865,24.305,0.003,3.146,
iq3_s-ram48-gpu16-resident-128k,IQ3_S,48,16,resident,False,128,cache,1825,,True,False,long,True,55.0,33.44,,,,,,,0.0,15.263,14.346,37.516,40.445,0.001,0.001,RuntimeError: The model could not allocate memory for this context.
iq3_s-ram32-gpu24-resident-128k,IQ3_S,32,24,resident,False,128,cache,4901,,True,True,,True,63.0,24.76,122756,922.6,135.75,True,1.594,True,0.0,22.895,21.941,21.369,24.511,0.003,2.925,
iq3_s-ram32-gpu16-resident-128k,IQ3_S,32,16,resident,False,128,cache,1837,,True,True,,True,42.9,15.78,122756,675.5,184.39,True,2.094,True,0.0,15.344,14.344,21.67,24.539,0.003,3.578,
iq3_s-ram32-gpu32-resident-128k,IQ3_S,32,32,resident,False,128,cache,,,True,True,,,79.3,44.35,122756,1517.4,82.157,True,1.797,True,0.0,31.339,30.401,19.465,23.705,0.002,4.047,
